name,party,council
Hedley Abernethy,Alliance Party,Belfast
Brónach Anglin,Sinn Féin,Belfast
Ciaran Beattie,Sinn Féin,Belfast
David Bell,Alliance Party,Belfast
Christina Black,Sinn Féin,Belfast
Christine Bower,Alliance Party,Belfast
Nichola Bradley,Sinn Féin,Belfast
Natasha Brennan,Sinn Féin,Belfast
Ruth Brooks,Democratic Unionist Party,Belfast
Tara Brooks,Alliance Party,Belfast
Sarah Bunting,Democratic Unionist Party,Belfast
Claire Canavan,Sinn Féin,Belfast
Arder Carson,Sinn Féin,Belfast
Fred Cobain,Democratic Unionist Party,Belfast
Michael Collins,People Before Profit Alliance,Belfast
Sonia Copeland,Ulster Unionist Party,Belfast
Séamas de Faoite,Social Democratic and Labour Party,Belfast
Paul Doherty,Social Democratic and Labour Party,Belfast
Micheal Donnelly,Sinn Féin,Belfast
Pádraig Donnelly,Sinn Féin,Belfast
Róis-Máire Donnelly,Sinn Féin,Belfast
Jordan Doran,Democratic Unionist Party,Belfast
Davy Douglas,Democratic Unionist Party,Belfast
Sammy Douglas,Democratic Unionist Party,Belfast
Joe Duffy,Sinn Féin,Belfast
Bradley Ferguson,Democratic Unionist Party,Belfast
Anthony Flynn,Green Party,Belfast
Matt Garrett,Sinn Féin,Belfast
Áine Groogan,Green Party,Belfast
Eric Hanvey,Alliance Party,Belfast
Tracy Kelly,Democratic Unionist Party,Belfast
James Lawlor,Democratic Unionist Party,Belfast
Michael Long,Alliance Party,Belfast
Donal Lyons,Social Democratic and Labour Party,Belfast
JJ Magee,Sinn Féin,Belfast
Jenna Maghie,Alliance Party,Belfast
Fiona McAteer,Alliance Party,Belfast
Áine McCabe,Sinn Féin,Belfast
Siobhán McCallin,Sinn Féin,Belfast
Caoimhín McCann,Sinn Féin,Belfast
Andrew McCormick,Democratic Unionist Party,Belfast
Frank McCoubrey,Democratic Unionist Party,Belfast
Dean A. McCullough,Democratic Unionist Party,Belfast
Paul McCusker,Independent,Belfast
Emmet McDonough-Brown,Alliance Party,Belfast
Ron McDowell,Traditional Unionist Voice,Belfast
Conor McKay,Sinn Féin,Belfast
Gary McKeown,Social Democratic and Labour Party,Belfast
Ian McLaughlin,Democratic Unionist Party,Belfast
Ronan McLaughlin,Sinn Féin,Belfast
Luke Meenehan,Sinn Féin,Belfast
Ryan Murphy,Sinn Féin,Belfast
Micky Murray,Alliance Party,Belfast
Sam Nelson,Alliance Party,Belfast
Tomás Ó Néill,Sinn Féin,Belfast
Jim Rodgers,Ulster Unionist Party,Belfast
Brian Smyth,Green Party,Belfast
Nicola Verner,Democratic Unionist Party,Belfast
Séanna Walsh,Sinn Féin,Belfast
Carl Whyte,Social Democratic and Labour Party,Belfast
Andrew McAuley,Alliance Party,Antrim and Newtownabbey
Maighréad Ní Chonghaile,Sinn Féin,Antrim and Newtownabbey
Paul Michael,Independent,Antrim and Newtownabbey
Matthew Magill,Democratic Unionist Party,Antrim and Newtownabbey
Anne-Marie Logue,Sinn Féin,Antrim and Newtownabbey
Lucille O'Hagan,Sinn Féin,Antrim and Newtownabbey
John Smyth,Democratic Unionist Party,Antrim and Newtownabbey
Roisin Lynch,Social Democratic and Labour Party,Antrim and Newtownabbey
Leah Smyth,Ulster Unionist Party,Antrim and Newtownabbey
Paul Dunlop,Democratic Unionist Party,Antrim and Newtownabbey
Neil Kelly,Alliance Party,Antrim and Newtownabbey
Jeannie Archibald-Brown,Democratic Unionist Party,Antrim and Newtownabbey
Lewis Boyle,Alliance Party,Antrim and Newtownabbey
Helen Magill,Democratic Unionist Party,Antrim and Newtownabbey
Vera McWilliam,Ulster Unionist Party,Antrim and Newtownabbey
Michael Stewart,Independent,Antrim and Newtownabbey
Henry Cushinan,Sinn Féin,Antrim and Newtownabbey
Annie O'Lone,Sinn Féin,Antrim and Newtownabbey
Jay Burbank,Alliance Party,Antrim and Newtownabbey
Linda Clarke,Democratic Unionist Party,Antrim and Newtownabbey
Stewart Wilson,Ulster Unionist Party,Antrim and Newtownabbey
Alison Bennington,Democratic Unionist Party,Antrim and Newtownabbey
Mark Cosgrove,Ulster Unionist Party,Antrim and Newtownabbey
Julian McGrath,Alliance Party,Antrim and Newtownabbey
Rosie Kinnear,Sinn Féin,Antrim and Newtownabbey
Michael Goodman,Sinn Féin,Antrim and Newtownabbey
Eamonn McLaughlin,Sinn Féin,Antrim and Newtownabbey
Paula Bradley,Democratic Unionist Party,Antrim and Newtownabbey
Robert Foster,Ulster Unionist Party,Antrim and Newtownabbey
Billy Webb,Alliance Party,Antrim and Newtownabbey
Taylor McGrann,Sinn Féin,Antrim and Newtownabbey
Ben Mallon,Democratic Unionist Party,Antrim and Newtownabbey
Matthew Brady,Democratic Unionist Party,Antrim and Newtownabbey
Stafford Ward,Independent,Antrim and Newtownabbey
Tom Campbell,Alliance Party,Antrim and Newtownabbey
Stephen Cosgrove,Ulster Unionist Party,Antrim and Newtownabbey
Stephen Ross,Democratic Unionist Party,Antrim and Newtownabbey
Mark Cooper,Democratic Unionist Party,Antrim and Newtownabbey
Julie Gilmour,Alliance Party,Antrim and Newtownabbey
Sam Flanagan,Democratic Unionist Party,Antrim and Newtownabbey
Sandra Duffy,Sinn Féin,Derry City and Strabane
Rory Farrell,Social Democratic and Labour Party,Derry City and Strabane
Brian Tierney,Social Democratic and Labour Party,Derry City and Strabane
Amanda Clarke,Sinn Féin,Derry City and Strabane
Pat Murphy,Sinn Féin,Derry City and Strabane
Catherine McDaid,Social Democratic and Labour Party,Derry City and Strabane
Antaine O Fearghail,Sinn Féin,Derry City and Strabane
Derek Hussey,Ulster Unionist Party,Derry City and Strabane
Caroline Devine,Sinn Féin,Derry City and Strabane
Ruairi McHugh,Sinn Féin,Derry City and Strabane
Keith Kerrigan,Democratic Unionist Party,Derry City and Strabane
Janice Montgomery,Ulster Unionist Party,Derry City and Strabane
Alex Duffy,Sinn Féin,Derry City and Strabane
Sean Fleming,Sinn Féin,Derry City and Strabane
Julie Middleton,Democratic Unionist Party,Derry City and Strabane
Declan Norris,Social Democratic and Labour Party,Derry City and Strabane
Grace Ui Niallais,Sinn Féin,Derry City and Strabane
Conor Heaney,Sinn Féin,Derry City and Strabane
Shauna Cusack,Independent,Derry City and Strabane
Shaun Harkin,People Before Profit Alliance,Derry City and Strabane
Lilian Barr,Social Democratic and Labour Party,Derry City and Strabane
Paul Gallagher,Independent,Derry City and Strabane
Jason Barr,Independent,Derry City and Strabane
Gary Wilkinson,Democratic Unionist Party,Derry City and Strabane
Brian Harte,Sinn Féin,Derry City and Strabane
Paul Boggs,Sinn Féin,Derry City and Strabane
Raymond Barr,Independent,Derry City and Strabane
Fergal Leonard,Sinn Féin,Derry City and Strabane
John Boyle,Social Democratic and Labour Party,Derry City and Strabane
Gary Donnelly,Independent,Derry City and Strabane
Emma McGinley,Sinn Féin,Derry City and Strabane
Aisling Hutton,Sinn Féin,Derry City and Strabane
Patricia Logue,Sinn Féin,Derry City and Strabane
Martin Reilly,Social Democratic and Labour Party,Derry City and Strabane
Christopher Jackson,Sinn Féin,Derry City and Strabane
Liz McGowan,Sinn Féin,Derry City and Strabane
Chelsea Cooke,Democratic Unionist Party,Derry City and Strabane
Darren Guy,Ulster Unionist Party,Derry City and Strabane
Sean Mooney,Social Democratic and Labour Party,Derry City and Strabane
Niree McMorris,Democratic Unionist Party,Derry City and Strabane
Tommy Maguire,Sinn Féin,Fermanagh and Omagh
Roy Crawford,Ulster Unionist Party,Fermanagh and Omagh
Aaron Elliott,Democratic Unionist Party,Fermanagh and Omagh
Dermot Browne,Sinn Féin,Fermanagh and Omagh
Robert Irvine,Ulster Unionist Party,Fermanagh and Omagh
Eddie Roofe,Alliance Party,Fermanagh and Omagh
Thomas O'Reilly,Sinn Féin,Fermanagh and Omagh
Paul Robinson,Democratic Unionist Party,Fermanagh and Omagh
Garbhan McPhillips,Independent,Fermanagh and Omagh
Noeleen Hayes,Sinn Féin,Fermanagh and Omagh
Victor Warrington,Ulster Unionist Party,Fermanagh and Omagh
Sheamus Greene,Sinn Féin,Fermanagh and Omagh
John Feely,Sinn Féin,Fermanagh and Omagh
David Mahon,Democratic Unionist Party,Fermanagh and Omagh
Rosemary Barton,Ulster Unionist Party,Fermanagh and Omagh
John McClaughry,Ulster Unionist Party,Fermanagh and Omagh
Debbie Coyle,Sinn Féin,Fermanagh and Omagh
Declan McArdle,Sinn Féin,Fermanagh and Omagh
Anthony Feely,Sinn Féin,Fermanagh and Omagh
Elaine Brough,Sinn Féin,Fermanagh and Omagh
Adam Gannon,Social Democratic and Labour Party,Fermanagh and Omagh
Mark Ovens,Ulster Unionist Party,Fermanagh and Omagh
Bernard McGrath,Social Democratic and Labour Party,Fermanagh and Omagh
Ruaídhrí Lyttle,Sinn Féin,Fermanagh and Omagh
Roisin Devine Gallagher,Sinn Féin,Fermanagh and Omagh
Patrick Withers,Sinn Féin,Fermanagh and Omagh
Shirley Hawkes,Democratic Unionist Party,Fermanagh and Omagh
Pádraigín Kelly,Sinn Féin,Fermanagh and Omagh
Marty McColgan,Sinn Féin,Fermanagh and Omagh
Josephine Deehan,Independent,Fermanagh and Omagh
Barry McElduff,Sinn Féin,Fermanagh and Omagh
Catherine Kelly,Sinn Féin,Fermanagh and Omagh
Stephen Donnelly,Alliance Party,Fermanagh and Omagh
Errol Thompson,Democratic Unionist Party,Fermanagh and Omagh
Glenn Campbell,Sinn Féin,Fermanagh and Omagh
Ann-Marie Donnelly,Sinn Féin,Fermanagh and Omagh
Mark Buchanan,Democratic Unionist Party,Fermanagh and Omagh
Stephen McCann,Sinn Féin,Fermanagh and Omagh
Colette McNulty,Sinn Féin,Fermanagh and Omagh
Allan Rainey,Ulster Unionist Party,Fermanagh and Omagh
Martin Gregg,Alliance Party,Lisburn and Castlereagh
Sharon Lowry,Alliance Party,Lisburn and Castlereagh
Jamie Harpur,Alliance Party,Lisburn and Castlereagh
Martin McKeever,Alliance Party,Lisburn and Castlereagh
Bronagh Magee,Alliance Party,Lisburn and Castlereagh
Aaron McIntyre,Alliance Party,Lisburn and Castlereagh
Kurtis Dickson,Alliance Party,Lisburn and Castlereagh
Gretta Thompson,Alliance Party,Lisburn and Castlereagh
Owen Gawith,Alliance Party,Lisburn and Castlereagh
Claire Kemp,Alliance Party,Lisburn and Castlereagh
Nicola Parker,Alliance Party,Lisburn and Castlereagh
Amanda Grehan,Alliance Party,Lisburn and Castlereagh
Jessica Bamford,Alliance Party,Lisburn and Castlereagh
Samantha Burns,Democratic Unionist Party,Lisburn and Castlereagh
John Laverty,Democratic Unionist Party,Lisburn and Castlereagh
Sharon Skillen,Democratic Unionist Party,Lisburn and Castlereagh
Brian Higginson,Democratic Unionist Party,Lisburn and Castlereagh
Andrew Gowan,Democratic Unionist Party,Lisburn and Castlereagh
Uel Mackin,Democratic Unionist Party,Lisburn and Castlereagh
Caleb McCready,Democratic Unionist Party,Lisburn and Castlereagh
Allan Ewart,Democratic Unionist Party,Lisburn and Castlereagh
James Tinsley,Democratic Unionist Party,Lisburn and Castlereagh
Thomas Beckett,Democratic Unionist Party,Lisburn and Castlereagh
Jonathan Craig,Democratic Unionist Party,Lisburn and Castlereagh
Andrew Ewing,Democratic Unionist Party,Lisburn and Castlereagh
Alan Givan,Democratic Unionist Party,Lisburn and Castlereagh
Paul Porter,Democratic Unionist Party,Lisburn and Castlereagh
Hazel Legge,Ulster Unionist Party,Lisburn and Castlereagh
James Baird,Ulster Unionist Party,Lisburn and Castlereagh
Alan Martin,Ulster Unionist Party,Lisburn and Castlereagh
Ross McLernon,Ulster Unionist Party,Lisburn and Castlereagh
Nicholas Trimble,Ulster Unionist Party,Lisburn and Castlereagh
Tim Mitchell,Ulster Unionist Party,Lisburn and Castlereagh
Ryan Carlin,Sinn Féin,Lisburn and Castlereagh
Daniel Bassett,Sinn Féin,Lisburn and Castlereagh
Gary McCleave,Sinn Féin,Lisburn and Castlereagh
Declan Lynch,Sinn Féin,Lisburn and Castlereagh
John Gallen,Social Democratic and Labour Party,Lisburn and Castlereagh
Pat Catney,Social Democratic and Labour Party,Lisburn and Castlereagh
Gary Hynds,Independent,Lisburn and Castlereagh
Lawrie Philpott,Independent,Mid and East Antrim
Brian Thompson,Ulster Unionist Party,Mid and East Antrim
Reuben Glover,Democratic Unionist Party,Mid and East Antrim
Bréanainn Lyness,Sinn Féin,Mid and East Antrim
Jack Gibson,Alliance Party,Mid and East Antrim
Rodney Quigley,Independent,Mid and East Antrim
Matthew Armstrong,Traditional Unionist Voice,Mid and East Antrim
Tyler Hoey,Democratic Unionist Party,Mid and East Antrim
Thomas Gordon,Democratic Unionist Party,Mid and East Antrim
Stewart McDonald,Traditional Unionist Voice,Mid and East Antrim
Ian Friary,Sinn Féin,Mid and East Antrim
Jackson Minford,Ulster Unionist Party,Mid and East Antrim
Anna Henry,Traditional Unionist Voice,Mid and East Antrim
Christopher Jamieson,Traditional Unionist Voice,Mid and East Antrim
Ruth Lawrence,Democratic Unionist Party,Mid and East Antrim
Chelsea Harwood,Alliance Party,Mid and East Antrim
William McCaughey,Democratic Unionist Party,Mid and East Antrim
Archie Rae,Sinn Féin,Mid and East Antrim
Matthew Warwick,Traditional Unionist Voice,Mid and East Antrim
Alan Barr,Ulster Unionist Party,Mid and East Antrim
Billy Ashe,Democratic Unionist Party,Mid and East Antrim
Robin Stewart,Ulster Unionist Party,Mid and East Antrim
David Clarke,Traditional Unionist Voice,Mid and East Antrim
Lauren Gray,Alliance Party,Mid and East Antrim
Bethany Ferris,Ulster Unionist Party,Mid and East Antrim
Angela Smyth,Democratic Unionist Party,Mid and East Antrim
Andrew Clarke,Democratic Unionist Party,Mid and East Antrim
Gerardine Mulvenna,Alliance Party,Mid and East Antrim
Maureen Morrow,Ulster Unionist Party,Mid and East Antrim
James McKeown,Sinn Féin,Mid and East Antrim
Marc Collins,Democratic Unionist Party,Mid and East Antrim
Peter Johnston,Democratic Unionist Party,Mid and East Antrim
Andrew Wilson,Ulster Unionist Party,Mid and East Antrim
Bobby Hadden,Independent,Mid and East Antrim
Aaron Skinner,Alliance Party,Mid and East Antrim
Robert Logan,Alliance Party,Mid and East Antrim
Paul Reid,Democratic Unionist Party,Mid and East Antrim
Maeve Donnelly,Alliance Party,Mid and East Antrim
Gregg McKeen,Democratic Unionist Party,Mid and East Antrim
Roy Beggs,Ulster Unionist Party,Mid and East Antrim
Cora Corry,Sinn Féin,Mid Ulster
Paddy Kelly,Sinn Féin,Mid Ulster
Brian McGuigan,Sinn Féin,Mid Ulster
Séan McPeake,Sinn Féin,Mid Ulster
Gael Gildernew,Sinn Féin,Mid Ulster
Eugene McConnell,Sinn Féin,Mid Ulster
Gavin Bell,Sinn Féin,Mid Ulster
John McNamee,Sinn Féin,Mid Ulster
Donna Mullin,Sinn Féin,Mid Ulster
Deirdre Varsani,Sinn Féin,Mid Ulster
Dominic Molloy,Sinn Féin,Mid Ulster
Sean Clarke,Sinn Féin,Mid Ulster
Darren Totten,Sinn Féin,Mid Ulster
Donal McPeake,Sinn Féin,Mid Ulster
Ian Milne,Sinn Féin,Mid Ulster
Jolene Groogan,Sinn Féin,Mid Ulster
Nuala McLernon,Sinn Féin,Mid Ulster
Eimear Carney,Sinn Féin,Mid Ulster
Niall McAleer,Sinn Féin,Mid Ulster
Kyle Black,Democratic Unionist Party,Mid Ulster
Mark Robinson,Democratic Unionist Party,Mid Ulster
Frances Burton,Democratic Unionist Party,Mid Ulster
Eva Cahoon,Democratic Unionist Party,Mid Ulster
Wilbert Buchanan,Democratic Unionist Party,Mid Ulster
James Burton,Democratic Unionist Party,Mid Ulster
Clement Cuthbertson,Democratic Unionist Party,Mid Ulster
Wesley Brown,Democratic Unionist Party,Mid Ulster
Paul McLean,Democratic Unionist Party,Mid Ulster
Anne Forde,Democratic Unionist Party,Mid Ulster
Jonathan Buchanan,Democratic Unionist Party,Mid Ulster
Kerri Martin,Social Democratic and Labour Party,Mid Ulster
Karol McQuade,Social Democratic and Labour Party,Mid Ulster
Christine McFlynn,Social Democratic and Labour Party,Mid Ulster
Denise Johnston,Social Democratic and Labour Party,Mid Ulster
Malachy Quinn,Social Democratic and Labour Party,Mid Ulster
Meta Graham,Ulster Unionist Party,Mid Ulster
Trevor Wilson,Ulster Unionist Party,Mid Ulster
Kevin McElvogue,Independent,Mid Ulster
Barry Monteith,Independent,Mid Ulster
Dan Kerr,Independent,Mid Ulster
Kate Murphy,Sinn Féin,Newry Mourne and Down
Mickey Ruane,Sinn Féin,Newry Mourne and Down
Selina Murphy,Sinn Féin,Newry Mourne and Down
Oonagh Hanlon,Sinn Féin,Newry Mourne and Down
Philip Campbell,Sinn Féin,Newry Mourne and Down
Aidan Mathers,Sinn Féin,Newry Mourne and Down
Geraldine Kearns,Sinn Féin,Newry Mourne and Down
Valerie Harte,Sinn Féin,Newry Mourne and Down
Cathal King,Sinn Féin,Newry Mourne and Down
Siobhan O'Hare,Sinn Féin,Newry Mourne and Down
Róisín Howell,Sinn Féin,Newry Mourne and Down
Jim Brennan,Sinn Féin,Newry Mourne and Down
Mickey Larkin,Sinn Féin,Newry Mourne and Down
Martin Hearty,Sinn Féin,Newry Mourne and Down
Aine Quinn,Sinn Féin,Newry Mourne and Down
Declan Murphy,Sinn Féin,Newry Mourne and Down
Oonagh Magennis,Sinn Féin,Newry Mourne and Down
Leeanne McEvoy,Sinn Féin,Newry Mourne and Down
Michael Rice,Sinn Féin,Newry Mourne and Down
Willie Clarke,Sinn Féin,Newry Mourne and Down
Declan McAteer,Social Democratic and Labour Party,Newry Mourne and Down
Aurla King,Social Democratic and Labour Party,Newry Mourne and Down
Conor Galbraith,Social Democratic and Labour Party,Newry Mourne and Down
Doire Finn,Social Democratic and Labour Party,Newry Mourne and Down
Killian Feehan,Social Democratic and Labour Party,Newry Mourne and Down
Terry Andrews,Social Democratic and Labour Party,Newry Mourne and Down
Pete Byrne,Social Democratic and Labour Party,Newry Mourne and Down
Laura Devlin,Social Democratic and Labour Party,Newry Mourne and Down
Callum Bowsie,Democratic Unionist Party,Newry Mourne and Down
Jonathan Jackson,Democratic Unionist Party,Newry Mourne and Down
Alan Lewis,Democratic Unionist Party,Newry Mourne and Down
Glyn Hanna,Democratic Unionist Party,Newry Mourne and Down
Henry Reilly,Democratic Unionist Party,Newry Mourne and Down
Tierna Howie,Alliance Party,Newry Mourne and Down
David Lee-Surginor,Alliance Party,Newry Mourne and Down
Helena Young,Alliance Party,Newry Mourne and Down
Jill Truesdale,Alliance Party,Newry Mourne and Down
David Taylor,Ulster Unionist Party,Newry Mourne and Down
Mark Gibbons,Independent,Newry Mourne and Down
Jarlath Tinnelly,Independent,Newry Mourne and Down
Cadogan Enright,Independent,Newry Mourne and Down
Mervyn Storey,Democratic Unionist Party,Causeway Coast and Glens
Darryl Wilson,Democratic Unionist Party,Causeway Coast and Glens
Dawn Huggins,Democratic Unionist Party,Causeway Coast and Glens
Michelle Knight-McQuillan,Democratic Unionist Party,Causeway Coast and Glens
Edgar Scott,Democratic Unionist Party,Causeway Coast and Glens
Mark Fielding,Democratic Unionist Party,Causeway Coast and Glens
Sharon McKillop,Democratic Unionist Party,Causeway Coast and Glens
John McAuley,Democratic Unionist Party,Causeway Coast and Glens
Tanya Stirling,Democratic Unionist Party,Causeway Coast and Glens
Philip Anderson,Democratic Unionist Party,Causeway Coast and Glens
Aaron Callan,Democratic Unionist Party,Causeway Coast and Glens
Steven Callaghan,Democratic Unionist Party,Causeway Coast and Glens
Bill Kennedy,Democratic Unionist Party,Causeway Coast and Glens
Leanne Peacock,Sinn Féin,Causeway Coast and Glens
Ciarán McQuillan,Sinn Féin,Causeway Coast and Glens
Ciarán Archibald,Sinn Féin,Causeway Coast and Glens
Sean Bateson,Sinn Féin,Causeway Coast and Glens
Sean McGlinchey,Sinn Féin,Causeway Coast and Glens
Kathleen McGurk,Sinn Féin,Causeway Coast and Glens
Dermot Nicholl,Sinn Féin,Causeway Coast and Glens
Niamh Archibald,Sinn Féin,Causeway Coast and Glens
Brenda Chivers,Sinn Féin,Causeway Coast and Glens
Cara McShane,Sinn Féin,Causeway Coast and Glens
Oliver McMullan,Sinn Féin,Causeway Coast and Glens
Maighréad Watson,Sinn Féin,Causeway Coast and Glens
Lee Kane,Alliance Party,Causeway Coast and Glens
Peter McCully,Alliance Party,Causeway Coast and Glens
Richard Stewart,Alliance Party,Causeway Coast and Glens
Yvonne Boyle,Alliance Party,Causeway Coast and Glens
Amy Mairs,Alliance Party,Causeway Coast and Glens
Richard Holmes,Ulster Unionist Party,Causeway Coast and Glens
Sandra Hunter,Ulster Unionist Party,Causeway Coast and Glens
John Wisener,Ulster Unionist Party,Causeway Coast and Glens
Michael Coyle,Social Democratic and Labour Party,Causeway Coast and Glens
Ashleen Schenning,Social Democratic and Labour Party,Causeway Coast and Glens
Margaret-Anne McKillop,Social Democratic and Labour Party,Causeway Coast and Glens
Jonathan McAuley,Traditional Unionist Voice,Causeway Coast and Glens
Allister Kyle,Traditional Unionist Voice,Causeway Coast and Glens
Russell Watton,Progressive Unionist Party,Causeway Coast and Glens
Ivor Wallace,Independent,Causeway Coast and Glens
Robert Adair,Democratic Unionist Party,Ards and North Down
Nigel Edmund,Democratic Unionist Party,Ards and North Down
Pete Wray,Ulster Unionist Party,Ards and North Down
David Kerr,Democratic Unionist Party,Ards and North Down
Lorna McAlpine,Alliance Party,Ards and North Down
Joe Boyle,Social Democratic and Labour Party,Ards and North Down
Alex Harbinson,Alliance Party,Ards and North Down
Wesley Irvine,Independent,Ards and North Down
Chris McCracken,Alliance Party,Ards and North Down
Craig Blaney,Ulster Unionist Party,Ards and North Down
Alistair Cathcart,Democratic Unionist Party,Ards and North Down
Ray McKimm,Independent,Ards and North Down
James Cochrane,Democratic Unionist Party,Ards and North Down
Mark Brooks,Ulster Unionist Party,Ards and North Down
Eddie Thompson,Democratic Unionist Party,Ards and North Down
John Hennessy,Alliance Party,Ards and North Down
Hannah Irwin,Alliance Party,Ards and North Down
David Chambers,Ulster Unionist Party,Ards and North Down
Barry McKee,Green Party,Ards and North Down
Carl McClean,Democratic Unionist Party,Ards and North Down
Stephen Hollywood,Ulster Unionist Party,Ards and North Down
Naomi McBurney,Alliance Party,Ards and North Down
Jennifer Gilmour,Democratic Unionist Party,Ards and North Down
Philip Smith,Ulster Unionist Party,Ards and North Down
Libby Douglas,Democratic Unionist Party,Ards and North Down
Patricia Morgan,Alliance Party,Ards and North Down
Trevor Cummings,Democratic Unionist Party,Ards and North Down
Rachel Ashe,Alliance Party,Ards and North Down
Lauren Kendall,Green Party,Ards and North Down
Gillian McCollum,Alliance Party,Ards and North Down
Alan Graham,Democratic Unionist Party,Ards and North Down
Martin McRandal,Alliance Party,Ards and North Down
Colin Kennedy,Democratic Unionist Party,Ards and North Down
Richard Smart,Ulster Unionist Party,Ards and North Down
Steven Irvine,Independent,Ards and North Down
Victoria Moore,Alliance Party,Ards and North Down
Stephen McIlveen,Democratic Unionist Party,Ards and North Down
Naomi Armstrong-Cotter,Democratic Unionist Party,Ards and North Down
Alan McDowell,Alliance Party,Ards and North Down
Ashley Mallon,Sinn Féin,Armagh City Banbridge and Craigavon
Fergal Donnelly,Sinn Féin,Armagh City Banbridge and Craigavon
Sarah Duffy,Sinn Féin,Armagh City Banbridge and Craigavon
Scott Armstrong,Democratic Unionist Party,Armagh City Banbridge and Craigavon
John Óg O'Kane,Sinn Féin,Armagh City Banbridge and Craigavon
Thomas O'Hanlon,Social Democratic and Labour Party,Armagh City Banbridge and Craigavon
Joy Ferguson,Alliance Party,Armagh City Banbridge and Craigavon
Kevin Savage,Sinn Féin,Armagh City Banbridge and Craigavon
Ian Wilson,Democratic Unionist Party,Armagh City Banbridge and Craigavon
Chris McCartan,Sinn Féin,Armagh City Banbridge and Craigavon
Ian Burns,Ulster Unionist Party,Armagh City Banbridge and Craigavon
Glenn Barr,Ulster Unionist Party,Armagh City Banbridge and Craigavon
Paul Greenfield,Democratic Unionist Party,Armagh City Banbridge and Craigavon
Kate Evans,Ulster Unionist Party,Armagh City Banbridge and Craigavon
Robbie Alexander,Alliance Party,Armagh City Banbridge and Craigavon
Margaret Tinsley,Democratic Unionist Party,Armagh City Banbridge and Craigavon
Catherine Nelson,Sinn Féin,Armagh City Banbridge and Craigavon
Jude Mallon,Sinn Féin,Armagh City Banbridge and Craigavon
Keith Ratcliffe,Traditional Unionist Voice,Armagh City Banbridge and Craigavon
Gareth Wilson,Democratic Unionist Party,Armagh City Banbridge and Craigavon
Bróna Haughey,Sinn Féin,Armagh City Banbridge and Craigavon
Gordon Kennedy,Ulster Unionist Party,Armagh City Banbridge and Craigavon
Paul Berry,Independent,Armagh City Banbridge and Craigavon
Mark Baxter,Democratic Unionist Party,Armagh City Banbridge and Craigavon
Tim McClelland,Democratic Unionist Party,Armagh City Banbridge and Craigavon
Paul Rankin,Democratic Unionist Party,Armagh City Banbridge and Craigavon
Kyle Savage,Ulster Unionist Party,Armagh City Banbridge and Craigavon
Jessica Johnston,Alliance Party,Armagh City Banbridge and Craigavon
Liam Mackle,Sinn Féin,Armagh City Banbridge and Craigavon
Peter Haire,Democratic Unionist Party,Armagh City Banbridge and Craigavon
Sorcha McGeown,Sinn Féin,Armagh City Banbridge and Craigavon
Stephen Moutray,Democratic Unionist Party,Armagh City Banbridge and Craigavon
Peter Lavery,Alliance Party,Armagh City Banbridge and Craigavon
Keith Haughian,Sinn Féin,Armagh City Banbridge and Craigavon
Mary O'Dowd,Sinn Féin,Armagh City Banbridge and Craigavon
Alan Mulholland,Democratic Unionist Party,Armagh City Banbridge and Craigavon
Kyle Moutray,Democratic Unionist Party,Armagh City Banbridge and Craigavon
Paul Duffy,Sinn Féin,Armagh City Banbridge and Craigavon
Clare McConville-Walker,Sinn Féin,Armagh City Banbridge and Craigavon
Julie Flaherty,Ulster Unionist Party,Armagh City Banbridge and Craigavon
Lavelle McIlwrath,Democratic Unionist Party,Armagh City Banbridge and Craigavon
