name,county,normalized_name
"Fintan Phelan","carlow","fintan phelan"
"Andrea Dalton","carlow","andrea dalton"
"Fergal Browne","carlow","fergal browne"
"John Cassin","carlow","john cassin"
"Paul Doogue","carlow","paul doogue"
"Ken Murnane","carlow","ken murnane"
"Adrienne Wallace","carlow","adrienne wallace"
"Thomas Kinsella","carlow","thomas kinsella"
"Willie Quinn","carlow","willie quinn"
"Andy Gladney","carlow","andy gladney"
"Daniel Pender","carlow","daniel pender"
"Michael Doran","carlow","michael doran"
"Charlie Murphy","carlow","charlie murphy"
"John Pender","carlow","john pender"
"Will Paton","carlow","will paton"
"Ben Ward","carlow","ben ward"
"Jim Deane","carlow","jim deane"
"Brian O'Donoghue","carlow","brian o'donoghue"
"Sarah O'Reilly","cavan","sarah o'reilly"
"Carmel Brady","cavan","carmel brady"
"Stiofan Connaty","cavan","stiofan connaty"
"Val Smith","cavan","val smith"
"Kelly Clifford","cavan","kelly clifford"
"Niall Smith","cavan","niall smith"
"Shane P O'Reilly","cavan","shane p o'reilly"
"Trevor Smith","cavan","trevor smith"
"Winston Bennett","cavan","winston bennett"
"Philip Brady","cavan","philip brady"
"TP O'Reilly","cavan","tp o'reilly"
"Noel Connell","cavan","noel connell"
"Aine Smith","cavan","aine smith"
"Brendan Fay","cavan","brendan fay"
"Damien Brady","cavan","damien brady"
"John Paul Feeley","cavan","john paul feeley"
"Niamh Brady","cavan","niamh brady"
"Patricia Walsh","cavan","patricia walsh"
"Alan O'Callaghan","clare","alan o'callaghan"
"Antoinette Baker Bashua","clare","antoinette baker bashua"
"Bill Slattery","clare","bill slattery"
"Clare Colleran Molloy","clare","clare colleran molloy"
"Conor Ryan","clare","conor ryan"
"David Griffin","clare","david griffin"
"Dinny Gould","clare","dinny gould"
"Gabriel Keating","clare","gabriel keating"
"Ian Lynch","clare","ian lynch"
"James Ryan","clare","james ryan"
"Joe Garrihy","clare","joe garrihy"
"Joe Killeen","clare","joe killeen"
"John Crowe","clare","john crowe"
"Mary Howard","clare","mary howard"
"Michael Begley","clare","michael begley"
"Michael Shannon","clare","michael shannon"
"Pat Burke","clare","pat burke"
"Pat Daly","clare","pat daly"
"Pat Hayes","clare","pat hayes"
"Patrick O'Gorman","clare","patrick o'gorman"
"Paul Murphy","clare","paul murphy"
"Rachel Hartigan","clare","rachel hartigan"
"Rita McInerney","clare","rita mcinerney"
"Shane Talty","clare","shane talty"
"Tom O'Callaghan","clare","tom o'callaghan"
"Tommy Guilfoyle","clare","tommy guilfoyle"
"Tony Mulcahy","clare","tony mulcahy"
"Tony O'Brien","clare","tony o'brien"
"Alan Coleman","cork","alan coleman"
"John Collins","cork","john collins"
"John Michael Foley","cork","john michael foley"
"Ann Bambury","cork","ann bambury"
"Gillian Coughlan","cork","gillian coughlan"
"Marie O'Sullivan","cork","marie o'sullivan"
"Danny Collins","cork","danny collins"
"Finbarr Harrington","cork","finbarr harrington"
"Caroline Cronin","cork","caroline cronin"
"Patrick Gerard Murphy","cork","patrick gerard murphy"
"Seamus McGrath","cork","seamus mcgrath"
"Ben Dalton-O'Sullivan","cork","ben dalton-o'sullivan"
"Jack White","cork","jack white"
"Audrey Buckley","cork","audrey buckley"
"Una McCarthy","cork","una mccarthy"
"Eoghan Fahy","cork","eoghan fahy"
"Sheila O'Callaghan","cork","sheila o'callaghan"
"Anthony Barry","cork","anthony barry"
"Sinead Sheppard","cork","sinead sheppard"
"Cathal Rasmussen","cork","cathal rasmussen"
"Ger Curley","cork","ger curley"
"Dominic Finn","cork","dominic finn"
"William O'Leary","cork","william o'leary"
"Noel McCarthy","cork","noel mccarthy"
"Frank O'Flynn","cork","frank o'flynn"
"Deirdre O'Brien","cork","deirdre o'brien"
"Nelius Cotter","cork","nelius cotter"
"Peter O'Donoghue","cork","peter o'donoghue"
"Bernard Moynihan","cork","bernard moynihan"
"John Paul O'Shea","cork","john paul o'shea"
"Trish Murphy","cork","trish murphy"
"Ian Doyle","cork","ian doyle"
"Gobnait Moynihan","cork","gobnait moynihan"
"Michael Creed","cork","michael creed"
"Michael Looney","cork","michael looney"
"Eileen Lynch","cork","eileen lynch"
"Ted Lucey","cork","ted lucey"
"Martin Coughlan","cork","martin coughlan"
"Tony O'Shea","cork","tony o'shea"
"Liam Madden","cork","liam madden"
"Eoghan Kenny","cork","eoghan kenny"
"Gearoid Murphy","cork","gearoid murphy"
"Pat Hayes","cork","pat hayes"
"Mary Linehan Foley","cork","mary linehan foley"
"Michael Hegarty","cork","michael hegarty"
"Patrick Mulcahy","cork","patrick mulcahy"
"Liam Quaide","cork","liam quaide"
"Rory Cocking","cork","rory cocking"
"Ann-Marie Ahern","cork","ann-marie ahern"
"John Buckley","cork","john buckley"
"Noel O'Donovan","cork","noel o'donovan"
"Joe Carroll","cork","joe carroll"
"Isobel Towse","cork","isobel towse"
"Daniel Sexton","cork","daniel sexton"
"Deirdre Kelly","cork","deirdre kelly"
"John Maher","cork-city","john maher"
"Ken O'Flynn","cork-city","ken o'flynn"
"Margaret McDonnell","cork-city","margaret mcdonnell"
"Joe Kavanagh","cork-city","joe kavanagh"
"Ted Tynan","cork-city","ted tynan"
"Oliver Moran","cork-city","oliver moran"
"Damian Boylan","cork-city","damian boylan"
"Tony Fitzgerald","cork-city","tony fitzgerald"
"John Sheehan","cork-city","john sheehan"
"Kenneth Collins","cork-city","kenneth collins"
"Michelle Gould","cork-city","michelle gould"
"Brian McCarthy","cork-city","brian mccarthy"
"Shane O'Callaghan","cork-city","shane o'callaghan"
"Sean Martin","cork-city","sean martin"
"Padraig Rice","cork-city","padraig rice"
"Dan Boyle","cork-city","dan boyle"
"Paudie Dineen","cork-city","paudie dineen"
"Fiona Kerins","cork-city","fiona kerins"
"Terry Shannon","cork-city","terry shannon"
"Kieran McCarthy","cork-city","kieran mccarthy"
"Mary Rose Desmond","cork-city","mary rose desmond"
"Des Cahill","cork-city","des cahill"
"Honore Kamegni","cork-city","honore kamegni"
"Peter Horgan","cork-city","peter horgan"
"Fergal Dennehy","cork-city","fergal dennehy"
"Colm Kelleher","cork-city","colm kelleher"
"Terry Coleman","cork-city","terry coleman"
"Joe Lynch","cork-city","joe lynch"
"Laura Harmon","cork-city","laura harmon"
"Garret Kelleher","cork-city","garret kelleher"
"Albert Deasy","cork-city","albert deasy"
"Joy Beard","donegal","joy beard"
"Jack Murray","donegal","jack murray"
"Paul Canning","donegal","paul canning"
"Terry Crossan","donegal","terry crossan"
"Fionnan Bradley","donegal","fionnan bradley"
"Ali Farren","donegal","ali farren"
"Martin McDermott","donegal","martin mcdermott"
"Albert Doherty","donegal","albert doherty"
"Martin Farren","donegal","martin farren"
"Jimmy Brogan","donegal","jimmy brogan"
"Niamh Kennedy","donegal","niamh kennedy"
"Manus Boyle","donegal","manus boyle"
"Michael McMahon","donegal","michael mcmahon"
"Noel Jordan","donegal","noel jordan"
"Micheal Naughton","donegal","micheal naughton"
"Micheal Choilm Mac Giolla Easbuig","donegal","micheal choilm mac giolla easbuig"
"Michael McClafferty","donegal","michael mcclafferty"
"Brian Carr","donegal","brian carr"
"John Sheamais O Fearraigh","donegal","john sheamais o fearraigh"
"Denis McGee","donegal","denis mcgee"
"Anthony Molloy","donegal","anthony molloy"
"Donal Kelly","donegal","donal kelly"
"Tomas Sean Devine","donegal","tomas sean devine"
"Gerry McMonagle","donegal","gerry mcmonagle"
"Ciaran Brogan","donegal","ciaran brogan"
"Jimmy Kavanagh","donegal","jimmy kavanagh"
"Michael McBride","donegal","michael mcbride"
"Donal Coyle","donegal","donal coyle"
"Gary Doherty","donegal","gary doherty"
"Martin Scanlon","donegal","martin scanlon"
"Martin Harley","donegal","martin harley"
"Frank McBrearty","donegal","frank mcbrearty"
"Patrick McGowan","donegal","patrick mcgowan"
"Dakota Nic Mheanman","donegal","dakota nic mheanman"
"Declan Meehan","donegal","declan meehan"
"Pauric McGarvey","donegal","pauric mcgarvey"
"Liam Blaney","donegal","liam blaney"
"Ammar Ali","dublin","ammar ali"
"Daryl Barron","dublin","daryl barron"
"Racheal Batten","dublin","racheal batten"
"Emma Blain","dublin","emma blain"
"Janice Boylan","dublin","janice boylan"
"Kevin Breen","dublin","kevin breen"
"Noelle Brown","dublin","noelle brown"
"Christy Burke","dublin","christy burke"
"Claire Byrne","dublin","claire byrne"
"Danny Byrne","dublin","danny byrne"
"Lesley Byrne","dublin","lesley byrne"
"Mary Callaghan","dublin","mary callaghan"
"Hazel Chu","dublin","hazel chu"
"David Coffey","dublin","david coffey"
"Anthony Connaghan","dublin","anthony connaghan"
"Fiona Connelly","dublin","fiona connelly"
"Keith Connolly","dublin","keith connolly"
"Donna Cooney","dublin","donna cooney"
"Ray Cunningham","dublin","ray cunningham"
"Hazel de Nortuin","dublin","hazel de nortuin"
"Daithi Doolan","dublin","daithi doolan"
"Pat Dunne","dublin","pat dunne"
"Daniel Ennis","dublin","daniel ennis"
"Cian Farrell","dublin","cian farrell"
"Alison Field","dublin","alison field"
"Declan Flanagan","dublin","declan flanagan"
"Mannix Flynn","dublin","mannix flynn"
"Deirdre Heney","dublin","deirdre heney"
"Jesslyn Henry","dublin","jesslyn henry"
"Rory Hogan","dublin","rory hogan"
"Janet Horner","dublin","janet horner"
"Vincent Jackson","dublin","vincent jackson"
"Feljin Jose","dublin","feljin jose"
"Leslie Kane","dublin","leslie kane"
"Kourtney Kenny","dublin","kourtney kenny"
"Patrick Kinsella","dublin","patrick kinsella"
"Dermot Lacey","dublin","dermot lacey"
"John Lyons","dublin","john lyons"
"Micheal MacDonncha","dublin","micheal macdonncha"
"Aoibheann Mahon","dublin","aoibheann mahon"
"Ray McAdam","dublin","ray mcadam"
"Seamas McGrattan","dublin","seamas mcgrattan"
"Clodagh Ni Mhuiri","dublin","clodagh ni mhuiri"
"Paddy Monahan","dublin","paddy monahan"
"Carolyn Moore","dublin","carolyn moore"
"Edel Moran","dublin","edel moran"
"Darragh Moriarty","dublin","darragh moriarty"
"Cat O'Driscoll","dublin","cat o'driscoll"
"Colm O'Rourke","dublin","colm o'rourke"
"Gavin Pepper","dublin","gavin pepper"
"Cieran Perry","dublin","cieran perry"
"Michael Pidgeon","dublin","michael pidgeon"
"Gayle Ralph","dublin","gayle ralph"
"Punam Rane","dublin","punam rane"
"Conor Reddy","dublin","conor reddy"
"Nial Ring","dublin","nial ring"
"Aishling Silke","dublin","aishling silke"
"Supriya Singh","dublin","supriya singh"
"Karl Stanley","dublin","karl stanley"
"Malachy Steenson","dublin","malachy steenson"
"John Stephens","dublin","john stephens"
"Philip Sutcliffe","dublin","philip sutcliffe"
"Ciaran O Meachair","dublin","ciaran o meachair"
"Marie Baker","dun-laoghaire-rathdown","marie baker"
"Conor Dowling","dun-laoghaire-rathdown","conor dowling"
"Maurice Dockrell","dun-laoghaire-rathdown","maurice dockrell"
"Martha Fanning","dun-laoghaire-rathdown","martha fanning"
"Dan Carson","dun-laoghaire-rathdown","dan carson"
"Michael Clark","dun-laoghaire-rathdown","michael clark"
"Sean McLoughlin","dun-laoghaire-rathdown","sean mcloughlin"
"Jim O'Leary","dun-laoghaire-rathdown","jim o'leary"
"Shay Brennan","dun-laoghaire-rathdown","shay brennan"
"Anna Grainger","dun-laoghaire-rathdown","anna grainger"
"Peter O'Brien","dun-laoghaire-rathdown","peter o'brien"
"Robert Jones","dun-laoghaire-rathdown","robert jones"
"Anne Colgan","dun-laoghaire-rathdown","anne colgan"
"Lorraine Hall","dun-laoghaire-rathdown","lorraine hall"
"Tom Kivlehan","dun-laoghaire-rathdown","tom kivlehan"
"Melissa Halpin","dun-laoghaire-rathdown","melissa halpin"
"JP Durkan","dun-laoghaire-rathdown","jp durkan"
"Mary Fayne","dun-laoghaire-rathdown","mary fayne"
"Thomas Joseph","dun-laoghaire-rathdown","thomas joseph"
"Justin Moylan","dun-laoghaire-rathdown","justin moylan"
"Michael Fleming","dun-laoghaire-rathdown","michael fleming"
"Lettie McCarthy","dun-laoghaire-rathdown","lettie mccarthy"
"Oisin O'Connor","dun-laoghaire-rathdown","oisin o'connor"
"Pierce Dargan","dun-laoghaire-rathdown","pierce dargan"
"Kazi Ahmed","dun-laoghaire-rathdown","kazi ahmed"
"Tom Murphy","dun-laoghaire-rathdown","tom murphy"
"Kevin Daly","dun-laoghaire-rathdown","kevin daly"
"Carrie Smyth","dun-laoghaire-rathdown","carrie smyth"
"Jim Gildea","dun-laoghaire-rathdown","jim gildea"
"Frank McNamara","dun-laoghaire-rathdown","frank mcnamara"
"Hugh Lewis","dun-laoghaire-rathdown","hugh lewis"
"Jacqueline Burke","dun-laoghaire-rathdown","jacqueline burke"
"Dave O'Keeffe","dun-laoghaire-rathdown","dave o'keeffe"
"Lauren Tuite","dun-laoghaire-rathdown","lauren tuite"
"Barry Saul","dun-laoghaire-rathdown","barry saul"
"Maeve O'Connell","dun-laoghaire-rathdown","maeve o'connell"
"John Kennedy","dun-laoghaire-rathdown","john kennedy"
"Liam Dockery","dun-laoghaire-rathdown","liam dockery"
"Eva Elizabeth Dowling","dun-laoghaire-rathdown","eva elizabeth dowling"
"John Hurley","dun-laoghaire-rathdown","john hurley"
"Tony Murphy","fingal","tony murphy"
"Grainne Maguire","fingal","grainne maguire"
"Brendan Ryan","fingal","brendan ryan"
"Tom O'Leary","fingal","tom o'leary"
"Malachy Quinn","fingal","malachy quinn"
"Breda Hanaphy","fingal","breda hanaphy"
"Mary McCamley","fingal","mary mccamley"
"JK Onwumerah","fingal","jk onwumerah"
"John Burtchaell","fingal","john burtchaell"
"Patrick Quinlan","fingal","patrick quinlan"
"Ted Leddy","fingal","ted leddy"
"John Walsh","fingal","john walsh"
"Ruth Coppinger","fingal","ruth coppinger"
"Ellen Troy","fingal","ellen troy"
"Siobhan Shovlin","fingal","siobhan shovlin"
"Eimear Carbone-Mangan","fingal","eimear carbone-mangan"
"Joan Hopkins","fingal","joan hopkins"
"Aoibhinn Tormey","fingal","aoibhinn tormey"
"Cathal Haughey","fingal","cathal haughey"
"Jimmy Guerin","fingal","jimmy guerin"
"Brian McDonagh","fingal","brian mcdonagh"
"Eoghan O'Brien","fingal","eoghan o'brien"
"David Healy","fingal","david healy"
"Tania Doyle","fingal","tania doyle"
"Angela Donnelly","fingal","angela donnelly"
"Kieran Dennison","fingal","kieran dennison"
"Tom Kitt","fingal","tom kitt"
"Gerard Sheehan","fingal","gerard sheehan"
"Robert O'Donoghue","fingal","robert o'donoghue"
"Corina Johnston","fingal","corina johnston"
"Eoghan Dockrell","fingal","eoghan dockrell"
"Paul Mulville","fingal","paul mulville"
"Cathal Boland","fingal","cathal boland"
"Dean Mulligan","fingal","dean mulligan"
"Darragh Butler","fingal","darragh butler"
"Luke Corkery","fingal","luke corkery"
"Joe Newman","fingal","joe newman"
"James Humphreys","fingal","james humphreys"
"Darren Jack Kelly","fingal","darren jack kelly"
"Marian Buckley","fingal","marian buckley"
"Albert Dolan","galway","albert dolan"
"Tomas Grealish","galway","tomas grealish"
"David Collins","galway","david collins"
"James Charity","galway","james charity"
"Peter Feeney","galway","peter feeney"
"Cillian Keane","galway","cillian keane"
"Louis O'Hara","galway","louis o'hara"
"Michael Connolly","galway","michael connolly"
"Declan Geraghty","galway","declan geraghty"
"Alan Harney","galway","alan harney"
"Evelyn Parsons","galway","evelyn parsons"
"Dermot Connolly","galway","dermot connolly"
"Peter Keaveney","galway","peter keaveney"
"Thomas Welby","galway","thomas welby"
"Seamus Walsh","galway","seamus walsh"
"Eileen Mannion","galway","eileen mannion"
"Gerry King","galway","gerry king"
"Noel Thomas","galway","noel thomas"
"Padraig Mac An Iomaire","galway","padraig mac an iomaire"
"Tomas O Curraoin","galway","tomas o curraoin"
"Michael Leainde","galway","michael leainde"
"Mairtin Lee","galway","mairtin lee"
"P.J. Murphy","galway","p.j. murphy"
"Martina Kinane","galway","martina kinane"
"Geraldine Donohue","galway","geraldine donohue"
"Paul Killilea","galway","paul killilea"
"Gerry Finnerty","galway","gerry finnerty"
"Shane Curley","galway","shane curley"
"Jimmy McClean","galway","jimmy mcclean"
"Declan Kelly","galway","declan kelly"
"Michael Maher","galway","michael maher"
"Ivan Canning","galway","ivan canning"
"Andrew Reddington","galway","andrew reddington"
"Pete Roche","galway","pete roche"
"Mary Hoade","galway","mary hoade"
"Shaun Cuniffe","galway","shaun cuniffe"
"Ollie Turner","galway","ollie turner"
"Donagh Mark Killilea","galway","donagh mark killilea"
"Karey McHugh Farag","galway","karey mchugh farag"
"Mike Cubbard","galway-city","mike cubbard"
"Eddie Hoare","galway-city","eddie hoare"
"Frank Fahy","galway-city","frank fahy"
"John McDonagh","galway-city","john mcdonagh"
"Eibhlin Seoighthe","galway-city","eibhlin seoighthe"
"Josie Forde","galway-city","josie forde"
"Alan Cheevers","galway-city","alan cheevers"
"Declan McDonnell","galway-city","declan mcdonnell"
"Terry O'Flaherty","galway-city","terry o'flaherty"
"Helen Ogbu","galway-city","helen ogbu"
"Aisling Burke","galway-city","aisling burke"
"Shane Forde","galway-city","shane forde"
"Donal Lyons","galway-city","donal lyons"
"Clodagh Higgins","galway-city","clodagh higgins"
"Alan Curran","galway-city","alan curran"
"John Connolly","galway-city","john connolly"
"Peter Keane","galway-city","peter keane"
"Niall McNelis","galway-city","niall mcnelis"
"Tommy Griffin","kerry","tommy griffin"
"Robert Brosnan","kerry","robert brosnan"
"Breandan Fitzgerald","kerry","breandan fitzgerald"
"Jackie Healy-Rae","kerry","jackie healy-rae"
"Charlie Farrelly","kerry","charlie farrelly"
"Fionnan Fitzgerald","kerry","fionnan fitzgerald"
"Bobby O'Connell","kerry","bobby o'connell"
"Johnny Healy-Rae","kerry","johnny healy-rae"
"Michael Cahill","kerry","michael cahill"
"Norma Moriarty","kerry","norma moriarty"
"Podge Foley","kerry","podge foley"
"Dan McCarthy","kerry","dan mccarthy"
"Teddy O'Sullivan Casey","kerry","teddy o'sullivan casey"
"Maura Healy-Rae","kerry","maura healy-rae"
"Martin Grady","kerry","martin grady"
"John O'Donoghue","kerry","john o'donoghue"
"Brendan Cronin","kerry","brendan cronin"
"Niall Kelleher","kerry","niall kelleher"
"Niall Botty O'Callaghan","kerry","niall botty o'callaghan"
"Marie Moloney","kerry","marie moloney"
"Mike Kennelly","kerry","mike kennelly"
"Liam Nolan","kerry","liam nolan"
"Michael Foley","kerry","michael foley"
"Michael Leane","kerry","michael leane"
"Tom Barry","kerry","tom barry"
"Jimmy Moloney","kerry","jimmy moloney"
"Mikey Sheehy","kerry","mikey sheehy"
"Terry O'Brien","kerry","terry o'brien"
"Deirdre Ferris","kerry","deirdre ferris"
"Sam Locke","kerry","sam locke"
"Paul Daly","kerry","paul daly"
"Anne O'Sullivan","kerry","anne o'sullivan"
"Angie Baily","kerry","angie baily"
"Aoife Breslin","kildare","aoife breslin"
"Ivan Keatley","kildare","ivan keatley"
"Brian Dooley","kildare","brian dooley"
"Veralouise Behan","kildare","veralouise behan"
"Mark Leigh","kildare","mark leigh"
"David Trost","kildare","david trost"
"Claire O'Rourke","kildare","claire o'rourke"
"Rupert Heather","kildare","rupert heather"
"Lumi Panaite Fahey","kildare","lumi panaite fahey"
"Brendan Wyse","kildare","brendan wyse"
"Padraig McEvoy","kildare","padraig mcevoy"
"Aidan Farrelly","kildare","aidan farrelly"
"William Durkan","kildare","william durkan"
"Daragh Fitzpatrick","kildare","daragh fitzpatrick"
"Suzanne Doyle","kildare","suzanne doyle"
"Kevin Duffy","kildare","kevin duffy"
"Brian O'Loughlin","kildare","brian o'loughlin"
"Pat Balfe","kildare","pat balfe"
"Shonagh Ni Raghallaigh","kildare","shonagh ni raghallaigh"
"Joe Neville","kildare","joe neville"
"Nuala Killeen","kildare","nuala killeen"
"Bernard Caldwell","kildare","bernard caldwell"
"Naoise O Cearuil","kildare","naoise o cearuil"
"Tim Durkan","kildare","tim durkan"
"Peter Melrose","kildare","peter melrose"
"Angela Feeney","kildare","angela feeney"
"Paul Ward","kildare","paul ward"
"Bill Clear","kildare","bill clear"
"Fintan Brett","kildare","fintan brett"
"Evie Sammon","kildare","evie sammon"
"Seamie Moore","kildare","seamie moore"
"Anne Breen","kildare","anne breen"
"Carmel Kelly","kildare","carmel kelly"
"Ger Dunne","kildare","ger dunne"
"Tracey O'Dwyer","kildare","tracey o'dwyer"
"Peggy O'Dwyer","kildare","peggy o'dwyer"
"Chris Pender","kildare","chris pender"
"Noel Heavey","kildare","noel heavey"
"Tom McDonnell","kildare","tom mcdonnell"
"Rob Power","kildare","rob power"
"Peter Cleere","kilkenny","peter cleere"
"Joe Sheridan","kilkenny","joe sheridan"
"Joe Lyons","kilkenny","joe lyons"
"Michael Doyle","kilkenny","michael doyle"
"Deirdre Cullen","kilkenny","deirdre cullen"
"Stephanie Doheny","kilkenny","stephanie doheny"
"Pat Fitzpatrick","kilkenny","pat fitzpatrick"
"Mary Hilda Cavanagh","kilkenny","mary hilda cavanagh"
"Michael McCarthy","kilkenny","michael mccarthy"
"John Brennan","kilkenny","john brennan"
"Maurice Shortall","kilkenny","maurice shortall"
"Michael Delaney","kilkenny","michael delaney"
"Andrew McGuinness","kilkenny","andrew mcguinness"
"David FitzGerald","kilkenny","david fitzgerald"
"Eugene McGuinness","kilkenny","eugene mcguinness"
"Joe Malone","kilkenny","joe malone"
"Sean O hArgain","kilkenny","sean o hargain"
"John Coonan","kilkenny","john coonan"
"Maria Dollard","kilkenny","maria dollard"
"Patrick Dunphy","kilkenny","patrick dunphy"
"Tomas Breathnach","kilkenny","tomas breathnach"
"Ger Frisby","kilkenny","ger frisby"
"Fidelis Doherty","kilkenny","fidelis doherty"
"Jenny Catt Slattery","kilkenny","jenny catt slattery"
"Bergin Conor","laois","bergin conor"
"Bracken Paddy","laois","bracken paddy"
"Brennan Ben","laois","brennan ben"
"Buggy Paddy","laois","buggy paddy"
"Clooney Ollie","laois","clooney ollie"
"Dwane Caroline","laois","dwane caroline"
"Fitzgerald Catherine","laois","fitzgerald catherine"
"Fleming Padraig","laois","fleming padraig"
"Joe John","laois","joe john"
"Kelly James","laois","kelly james"
"King John","laois","king john"
"Mc Paschal","laois","mc paschal"
"Mc Seamús","laois","mc seamús"
"Moran Aisling","laois","moran aisling"
"Mulligan Tommy","laois","mulligan tommy"
"Mullins Aidan","laois","mullins aidan"
"Phelan Vivienne","laois","phelan vivienne"
"Tuohy Marie","laois","tuohy marie"
"Walsh Barry","laois","walsh barry"
"Paddy O'Rourke","leitrim","paddy o'rourke"
"Enda McGloin","leitrim","enda mcgloin"
"Brendan Barry","leitrim","brendan barry"
"Ita Reynolds Flynn","leitrim","ita reynolds flynn"
"Garry Prior","leitrim","garry prior"
"Roisin Kenny","leitrim","roisin kenny"
"Enda Stenson","leitrim","enda stenson"
"Maeve Reynolds","leitrim","maeve reynolds"
"Des Guckian","leitrim","des guckian"
"Sean McGowan","leitrim","sean mcgowan"
"Paddy Farrell","leitrim","paddy farrell"
"Cormac Flynn","leitrim","cormac flynn"
"James Gilmartin","leitrim","james gilmartin"
"Mary Bohan","leitrim","mary bohan"
"Felim Gurn","leitrim","felim gurn"
"Padraig Fallon","leitrim","padraig fallon"
"Justin Warnock","leitrim","justin warnock"
"Eddie Mitchell","leitrim","eddie mitchell"
"Stephen Keary","limerick","stephen keary"
"Adam Teskey","limerick","adam teskey"
"Bridie Collins","limerick","bridie collins"
"John O'Donoghue","limerick","john o'donoghue"
"Tommy Hartigan","limerick","tommy hartigan"
"Ger Ward","limerick","ger ward"
"Brigid Teefy","limerick","brigid teefy"
"Martin Ryan","limerick","martin ryan"
"Eddie Ryan","limerick","eddie ryan"
"Noreen Stokes","limerick","noreen stokes"
"George Conway","limerick","george conway"
"P.J. Carey","limerick","p.j. carey"
"Tommy O'Sullivan","limerick","tommy o'sullivan"
"Daniel Butler","limerick","daniel butler"
"Dan McSweeney","limerick","dan mcsweeney"
"Joe Leddin","limerick","joe leddin"
"Maria Donoghue","limerick","maria donoghue"
"Fergus Kilcoyne","limerick","fergus kilcoyne"
"Elisa O'Donovan","limerick","elisa o'donovan"
"Abul Kalam Azad Talukder","limerick","abul kalam azad talukder"
"Connor Sheehan","limerick","connor sheehan"
"Frankie Daly","limerick","frankie daly"
"Kieran O'Hanlon","limerick","kieran o'hanlon"
"Olivia O'Sullivan","limerick","olivia o'sullivan"
"Sarah Beasley","limerick","sarah beasley"
"Sharon Benson","limerick","sharon benson"
"Shane Hickey-O'Mara","limerick","shane hickey-o'mara"
"Sarah Kiely","limerick","sarah kiely"
"Catherine Slattery","limerick","catherine slattery"
"Peter Doyle","limerick","peter doyle"
"Joe Pond","limerick","joe pond"
"Elena Secas","limerick","elena secas"
"Ursula Gavin","limerick","ursula gavin"
"Sean Hartigan","limerick","sean hartigan"
"Jerome Scanlon","limerick","jerome scanlon"
"Liam Galvin","limerick","liam galvin"
"Michael Collins","limerick","michael collins"
"Tom Ruddle","limerick","tom ruddle"
"Francis Foley","limerick","francis foley"
"John Sheahan","limerick","john sheahan"
"Paul Ross","longford","paul ross"
"Mick Cahill","longford","mick cahill"
"Pat O'Toole","longford","pat o'toole"
"Sean Mimnagh","longford","sean mimnagh"
"Mark Casey","longford","mark casey"
"Martin Skelly","longford","martin skelly"
"Garry Murtagh","longford","garry murtagh"
"Turlough McGovern","longford","turlough mcgovern"
"Paraic Brady","longford","paraic brady"
"David Cassidy","longford","david cassidy"
"Padraig McNamara","longford","padraig mcnamara"
"Gerry Hagan","longford","gerry hagan"
"Martin Monaghan","longford","martin monaghan"
"Seamus Butler","longford","seamus butler"
"Peggy Nolan","longford","peggy nolan"
"Niall Gannon","longford","niall gannon"
"Uruemu Adejinmi","longford","uruemu adejinmi"
"Kevin Hussey","longford","kevin hussey"
"Jim Tenanty","louth","jim tenanty"
"Dolores Minogue","louth","dolores minogue"
"John Sheriden","louth","john sheriden"
"Bernie Conlon","louth","bernie conlon"
"Paula Butterly","louth","paula butterly"
"Pearse McGeough","louth","pearse mcgeough"
"Pio Smith","louth","pio smith"
"Joanna Byrne","louth","joanna byrne"
"Kevin Callan","louth","kevin callan"
"Paddy McQuillan","louth","paddy mcquillan"
"Ejiro O'Hare Stratton","louth","ejiro o'hare stratton"
"James Byrne","louth","james byrne"
"Michelle Hall","louth","michelle hall"
"Anne-Marie Ford","louth","anne-marie ford"
"Declan Power","louth","declan power"
"Eric Donovan","louth","eric donovan"
"Sean Kelly","louth","sean kelly"
"Antoin Watters","louth","antoin watters"
"Fiona Mhic Conchoille","louth","fiona mhic conchoille"
"Ciaran Fisher","louth","ciaran fisher"
"John Reilly","louth","john reilly"
"Andrea McKevitt","louth","andrea mckevitt"
"Maeve Yore","louth","maeve yore"
"Robert Nash","louth","robert nash"
"Emma Coffey","louth","emma coffey"
"Kevin Meenan","louth","kevin meenan"
"Sionainn McCann","louth","sionainn mccann"
"Shane McGuinness","louth","shane mcguinness"
"Marianne Butler","louth","marianne butler"
"Mark Duffy","mayo","mark duffy"
"John O'Hara","mayo","john o'hara"
"Joe Faughnan","mayo","joe faughnan"
"Michael Loftus","mayo","michael loftus"
"Jarlath Munnelly","mayo","jarlath munnelly"
"Annie-May Reape","mayo","annie-may reape"
"Paul McNamara","mayo","paul mcnamara"
"Gerry Coyle","mayo","gerry coyle"
"Sean Carey","mayo","sean carey"
"Ger Deere","mayo","ger deere"
"Michael Kilcoyne","mayo","michael kilcoyne"
"Blackie K Gavin","mayo","blackie k gavin"
"Al McDonnell","mayo","al mcdonnell"
"Cyril Burke","mayo","cyril burke"
"Donna Sheridan","mayo","donna sheridan"
"Harry Barrett","mayo","harry barrett"
"Patsy O'Brien","mayo","patsy o'brien"
"Richard Finn","mayo","richard finn"
"Damien Ryan","mayo","damien ryan"
"Alma Gallagher","mayo","alma gallagher"
"Michael Burke","mayo","michael burke"
"Paul Lawless","mayo","paul lawless"
"Gerry Murray","mayo","gerry murray"
"Adrian Forkan","mayo","adrian forkan"
"John Caulfield","mayo","john caulfield"
"Neil Cruise","mayo","neil cruise"
"Chris Maxwell","mayo","chris maxwell"
"Peter Flynn","mayo","peter flynn"
"John O'Malley","mayo","john o'malley"
"Brendan Mulroy","mayo","brendan mulroy"
"Joe Bonner","meath","joe bonner"
"Amanda Smith","meath","amanda smith"
"Alan Tobin","meath","alan tobin"
"Suzanne Jamal","meath","suzanne jamal"
"Helen Meyer","meath","helen meyer"
"Conor Tormey","meath","conor tormey"
"Sarah Reilly","meath","sarah reilly"
"Eugene Cassidy","meath","eugene cassidy"
"Sean Drew","meath","sean drew"
"Mike Bray","meath","mike bray"
"Peter Caffrey","meath","peter caffrey"
"Michael Gallagher","meath","michael gallagher"
"David Gilroy","meath","david gilroy"
"Sharon Tolan","meath","sharon tolan"
"Paddy Meade","meath","paddy meade"
"Geraldine Keogan","meath","geraldine keogan"
"Stephen McKee","meath","stephen mckee"
"Wayne Harding","meath","wayne harding"
"Maria White","meath","maria white"
"Carol Lennon","meath","carol lennon"
"Eddie Fennessy","meath","eddie fennessy"
"Emer Toibin","meath","emer toibin"
"Francis Deane","meath","francis deane"
"Yemi Adenuga","meath","yemi adenuga"
"Padraig Fitzsimons","meath","padraig fitzsimons"
"Alan Lawes","meath","alan lawes"
"Linda Nelson Murray","meath","linda nelson murray"
"Gillian Toole","meath","gillian toole"
"Maria Murphy","meath","maria murphy"
"Brian Fitzgerald","meath","brian fitzgerald"
"Caroline O'Reilly","meath","caroline o'reilly"
"Nick Killian","meath","nick killian"
"Fionnan Blake","meath","fionnan blake"
"Gerry O'Connor","meath","gerry o'connor"
"Noel French","meath","noel french"
"Joe Fox","meath","joe fox"
"Dave Boyne","meath","dave boyne"
"Padraig Coffey","meath","padraig coffey"
"Aisling Dempsey","meath","aisling dempsey"
"Ronan Moore","meath","ronan moore"
"Seamus Coyle","monaghan","seamus coyle"
"Richard Truell","monaghan","richard truell"
"Sean Gilland","monaghan","sean gilland"
"Sinead Flynn","monaghan","sinead flynn"
"Pat Treanor","monaghan","pat treanor"
"P.J. O'Hanlon","monaghan","p.j. o'hanlon"
"Aidan Campbell","monaghan","aidan campbell"
"Colm Carthy","monaghan","colm carthy"
"Noel Keelan","monaghan","noel keelan"
"Peter Conlon","monaghan","peter conlon"
"Paul Gibbons","monaghan","paul gibbons"
"Cathy Bennett","monaghan","cathy bennett"
"Seamus Treanor","monaghan","seamus treanor"
"Sean Conlon","monaghan","sean conlon"
"Raymond Aughey","monaghan","raymond aughey"
"Pauric Clerkin","monaghan","pauric clerkin"
"Bronagh McAree","monaghan","bronagh mcaree"
"David Maxwell","monaghan","david maxwell"
"Peter Ormond","offaly","peter ormond"
"John Leahy","offaly","john leahy"
"John Clendennen","offaly","john clendennen"
"Hugh Egan","offaly","hugh egan"
"Audrey Hennessy-Kennedy","offaly","audrey hennessy-kennedy"
"Sean Maher","offaly","sean maher"
"Eddie Fitzpatrick","offaly","eddie fitzpatrick"
"Fergus McDonnell","offaly","fergus mcdonnell"
"Claire Murray","offaly","claire murray"
"Liam Quinn","offaly","liam quinn"
"Noel Cribbin","offaly","noel cribbin"
"Aoife Masterson","offaly","aoife masterson"
"Neil Feighery","offaly","neil feighery"
"Frank Moran","offaly","frank moran"
"Tony McCormack","offaly","tony mccormack"
"Sean O'Brien","offaly","sean o'brien"
"Ollie Bryant","offaly","ollie bryant"
"Declan Harvey","offaly","declan harvey"
"Claire Murray","offaly","claire murray"
"Emer Kelly","roscommon","emer kelly"
"John Naughten","roscommon","john naughten"
"Tony Ward","roscommon","tony ward"
"Laurence Fallon","roscommon","laurence fallon"
"John Keogh","roscommon","john keogh"
"Domnick Connolly","roscommon","domnick connolly"
"Valerie Byrne","roscommon","valerie byrne"
"Leah Cull","roscommon","leah cull"
"Micheal Frain","roscommon","micheal frain"
"Liam Callaghan","roscommon","liam callaghan"
"Tom Crosby","roscommon","tom crosby"
"Sean Moylan","roscommon","sean moylan"
"Paschal Fitzmaurice","roscommon","paschal fitzmaurice"
"Marty McDermott","roscommon","marty mcdermott"
"Anthony Waldron","roscommon","anthony waldron"
"Nigel Dineen","roscommon","nigel dineen"
"Larry Brennan","roscommon","larry brennan"
"Gareth Scahill","roscommon","gareth scahill"
"Michael Clarke","sligo","michael clarke"
"Paul Taylor","sligo","paul taylor"
"Joseph Queenan","sligo","joseph queenan"
"Liam Brennan","sligo","liam brennan"
"Barry Gallagher","sligo","barry gallagher"
"Gerard Mullaney","sligo","gerard mullaney"
"Dara Mulvey","sligo","dara mulvey"
"Thomas Walsh","sligo","thomas walsh"
"Edel McSharry","sligo","edel mcsharry"
"Thomas Healy","sligo","thomas healy"
"Donal Gilroy","sligo","donal gilroy"
"Marie Casserly","sligo","marie casserly"
"Declan Bree","sligo","declan bree"
"Tom MacSharry","sligo","tom macsharry"
"Fergal Nealon","sligo","fergal nealon"
"Arthur Gibbons","sligo","arthur gibbons"
"Gino O'Boyle","sligo","gino o'boyle"
"Nessa Cosgrove","sligo","nessa cosgrove"
"Francis Timmons","south-dublin","francis timmons"
"William Carey","south-dublin","william carey"
"Darragh Adelaide","south-dublin","darragh adelaide"
"Eoin O Broin","south-dublin","eoin o broin"
"Shirley O'Hara","south-dublin","shirley o'hara"
"Linda De Courcy","south-dublin","linda de courcy"
"Trevor Gilligan","south-dublin","trevor gilligan"
"Alan Edge","south-dublin","alan edge"
"Brian Lawlor","south-dublin","brian lawlor"
"Emma Murphy","south-dublin","emma murphy"
"Sarah Barnes","south-dublin","sarah barnes"
"Roisin Mannion","south-dublin","roisin mannion"
"Paul Gogarty","south-dublin","paul gogarty"
"Vikki Casserly","south-dublin","vikki casserly"
"Liona O'Toole","south-dublin","liona o'toole"
"Joanna Tuffy","south-dublin","joanna tuffy"
"Caroline Brady","south-dublin","caroline brady"
"Shane Moynihan","south-dublin","shane moynihan"
"Alan Hayes","south-dublin","alan hayes"
"Niamh Fennel","south-dublin","niamh fennel"
"Glen Moore","south-dublin","glen moore"
"Madeleine Johansson","south-dublin","madeleine johansson"
"Ronan McMahon","south-dublin","ronan mcmahon"
"Pamela Kearns","south-dublin","pamela kearns"
"Ciaran Ahern","south-dublin","ciaran ahern"
"Yvonne Collins","south-dublin","yvonne collins"
"Lynn McCrave","south-dublin","lynn mccrave"
"David McManus","south-dublin","david mcmanus"
"Justin Sinnott","south-dublin","justin sinnott"
"Patrick Pearse Holohan","south-dublin","patrick pearse holohan"
"Baby Pereppadan","south-dublin","baby pereppadan"
"Dermot Richardson","south-dublin","dermot richardson"
"Kay Keane","south-dublin","kay keane"
"Louise Dunne","south-dublin","louise dunne"
"Mick Duff","south-dublin","mick duff"
"Teresa Costello","south-dublin","teresa costello"
"Britto Pereppadan","south-dublin","britto pereppadan"
"Niamh Whelan","south-dublin","niamh whelan"
"Jess Spear","south-dublin","jess spear"
"Dean Donnelly","south-dublin","dean donnelly"
"Mairin McGrath","tipperary","mairin mcgrath"
"Andy Moloney","tipperary","andy moloney"
"Marie Murphy","tipperary","marie murphy"
"Micheal Anglim","tipperary","micheal anglim"
"Imelda Goldsboro","tipperary","imelda goldsboro"
"David Dunne","tipperary","david dunne"
"Michael Brennan","tipperary","michael brennan"
"Kieran Bourke","tipperary","kieran bourke"
"Mark FitzGerald","tipperary","mark fitzgerald"
"John O'Heney","tipperary","john o'heney"
"Declan Burgess","tipperary","declan burgess"
"Liam Browne","tipperary","liam browne"
"Hanna Mary Hourigan","tipperary","hanna mary hourigan"
"Roger Kennedy","tipperary","roger kennedy"
"John Crosse","tipperary","john crosse"
"Annemarie Ryan","tipperary","annemarie ryan"
"Michael Murphy","tipperary","michael murphy"
"Pat English","tipperary","pat english"
"Siobhan Ambrose","tipperary","siobhan ambrose"
"John Fitzgerald","tipperary","john fitzgerald"
"Richie Molloy","tipperary","richie molloy"
"Niall P Dennehy","tipperary","niall p dennehy"
"Joe Hannigan","tipperary","joe hannigan"
"Michael O'Meara","tipperary","michael o'meara"
"Ryan O'Meara","tipperary","ryan o'meara"
"Louise Morgan Walsh","tipperary","louise morgan walsh"
"Seamus Morris","tipperary","seamus morris"
"Fiona Bonfield","tipperary","fiona bonfield"
"Pamela Quirke O'Meara","tipperary","pamela quirke o'meara"
"Phyll Bugler","tipperary","phyll bugler"
"John Carroll","tipperary","john carroll"
"Michael Smith","tipperary","michael smith"
"Shane Lee","tipperary","shane lee"
"Eddie Moran","tipperary","eddie moran"
"William Kennedy","tipperary","william kennedy"
"Jim Ryan","tipperary","jim ryan"
"Micheal Lowry","tipperary","micheal lowry"
"Sean Ryan","tipperary","sean ryan"
"Kay Cahill Skehan","tipperary","kay cahill skehan"
"Peggy Ryan","tipperary","peggy ryan"
"Damien Geoghegan","waterford","damien geoghegan"
"Conor D McGuinness","waterford","conor d mcguinness"
"Tom Cronin","waterford","tom cronin"
"Pat Nugent","waterford","pat nugent"
"Thomas Phelan","waterford","thomas phelan"
"Joe O'Riordan","waterford","joe o'riordan"
"Niamh O'Donovan","waterford","niamh o'donovan"
"John Pratt","waterford","john pratt"
"Donnchadh Mulcahy","waterford","donnchadh mulcahy"
"Liam Brazil","waterford","liam brazil"
"Seanie Power","waterford","seanie power"
"John O'Leary","waterford","john o'leary"
"Declan Clune","waterford","declan clune"
"Catherine Burke","waterford","catherine burke"
"Lola O'Sullivan","waterford","lola o'sullivan"
"Joe Kelly","waterford","joe kelly"
"Joe Conway","waterford","joe conway"
"Jim Griffin","waterford","jim griffin"
"Blaise Hannigan","waterford","blaise hannigan"
"Eamon Quinlan","waterford","eamon quinlan"
"David Daniels","waterford","david daniels"
"Declan Barry","waterford","declan barry"
"Pat Fitzgerald","waterford","pat fitzgerald"
"Adam Wyse","waterford","adam wyse"
"Jim D'Arcy","waterford","jim d'arcy"
"Mary Roche","waterford","mary roche"
"Donal Barry","waterford","donal barry"
"John Hearne","waterford","john hearne"
"Jason Murphy","waterford","jason murphy"
"Joeanne Bailey","waterford","joeanne bailey"
"Frank Quinlan","waterford","frank quinlan"
"Seamus Ryan","waterford","seamus ryan"
"Kevin Moran","westmeath","kevin moran"
"Frankie Keena","westmeath","frankie keena"
"Aengus O'Rourke","westmeath","aengus o'rourke"
"John Dolan","westmeath","john dolan"
"Paul Hogan","westmeath","paul hogan"
"Denis Leonard","westmeath","denis leonard"
"David Jones","westmeath","david jones"
"Alfie Devine","westmeath","alfie devine"
"Emily Wallace","westmeath","emily wallace"
"Niall Gaffney","westmeath","niall gaffney"
"Tom Farrell","westmeath","tom farrell"
"Vinny McCormack","westmeath","vinny mccormack"
"Liam McDaniel","westmeath","liam mcdaniel"
"Johnnie Penrose","westmeath","johnnie penrose"
"Mick Dollard","westmeath","mick dollard"
"Ken Glynn","westmeath","ken glynn"
"Andrew Duncan","westmeath","andrew duncan"
"Aoife Davitt","westmeath","aoife davitt"
"Bill Collentine","westmeath","bill collentine"
"Julie McCourt","westmeath","julie mccourt"
"Cathal Byrne","wexford","cathal byrne"
"Aidan Browne","wexford","aidan browne"
"Pat Kehoe","wexford","pat kehoe"
"Barbara-Anne Murphy","wexford","barbara-anne murphy"
"John O'Rourke","wexford","john o'rourke"
"Jackser Owens","wexford","jackser owens"
"Donal Kenny","wexford","donal kenny"
"Nicky Boland","wexford","nicky boland"
"Darragh McDonald","wexford","darragh mcdonald"
"Joe Sullivan","wexford","joe sullivan"
"Anthony Donohoe","wexford","anthony donohoe"
"Fionntain O Suilleabhain","wexford","fionntain o suilleabhain"
"Jim Codd","wexford","jim codd"
"Ger Carthy","wexford","ger carthy"
"Frank Staples","wexford","frank staples"
"Lisa McDonald","wexford","lisa mcdonald"
"Aoife Rose O'Brien","wexford","aoife rose o'brien"
"Mary Farrell","wexford","mary farrell"
"Pip Breen","wexford","pip breen"
"Oliver Walsh","wexford","oliver walsh"
"Paddy Kavanagh","wexford","paddy kavanagh"
"Pat Barden","wexford","pat barden"
"Michael Sheehan","wexford","michael sheehan"
"Marty Murphy","wexford","marty murphy"
"Bridin Murphy","wexford","bridin murphy"
"John Dwyer","wexford","john dwyer"
"John Fleming","wexford","john fleming"
"George Lawlor","wexford","george lawlor"
"Robbie Staples","wexford","robbie staples"
"Garry Laffan","wexford","garry laffan"
"Leonard Kelly","wexford","leonard kelly"
"Raymond Shannon","wexford","raymond shannon"
"Catherine Biddy Walsh","wexford","catherine biddy walsh"
"Tom Forde","wexford","tom forde"
"Avril Cronin","wicklow","avril cronin"
"Caroline Winstanley","wicklow","caroline winstanley"
"Danny Alvey","wicklow","danny alvey"
"Dermot O'Brien","wicklow","dermot o'brien"
"Erika Doyle","wicklow","erika doyle"
"Gail Dunne","wicklow","gail dunne"
"Gerry O'Neill","wicklow","gerry o'neill"
"Graham Richmond","wicklow","graham richmond"
"Ian Neary","wicklow","ian neary"
"Jason Mulhall","wicklow","jason mulhall"
"Joe Behan","wicklow","joe behan"
"John Snell","wicklow","john snell"
"Louise Fenelon Gaskin","wicklow","louise fenelon gaskin"
"Lourda Scott","wicklow","lourda scott"
"Malachaí Duddy","wicklow","malachaí duddy"
"Mark Barry","wicklow","mark barry"
"Melanie Corrigan","wicklow","melanie corrigan"
"Miriam Murphy","wicklow","miriam murphy"
"Ned Whelan","wicklow","ned whelan"
"Orla Finn","wicklow","orla finn"
"Pat Fitzgerald","wicklow","pat fitzgerald"
"Pat Kennedy","wicklow","pat kennedy"
"Pat Mahon","wicklow","pat mahon"
"Patsy Glennon","wicklow","patsy glennon"
"Paul O'Brien","wicklow","paul o'brien"
"Peir Leonard","wicklow","peir leonard"
"Peter Stapleton","wicklow","peter stapleton"
"Shane Langrell","wicklow","shane langrell"
"Stephen Stokes","wicklow","stephen stokes"
"Sylvester Bourke","wicklow","sylvester bourke"
"Tom Fortune","wicklow","tom fortune"
"Warren O'Toole","wicklow","warren o'toole"
